-- phpMyAdmin SQL Dump
-- version 4.2.7.1
-- http://www.phpmyadmin.net
--
-- Host: localhost
-- Generation Time: Nov 09, 2014 at 09:45 AM
-- Server version: 5.6.20
-- PHP Version: 5.5.15

SET SQL_MODE = "NO_AUTO_VALUE_ON_ZERO";
SET time_zone = "+00:00";


/*!40101 SET @OLD_CHARACTER_SET_CLIENT=@@CHARACTER_SET_CLIENT */;
/*!40101 SET @OLD_CHARACTER_SET_RESULTS=@@CHARACTER_SET_RESULTS */;
/*!40101 SET @OLD_COLLATION_CONNECTION=@@COLLATION_CONNECTION */;
/*!40101 SET NAMES utf8 */;

--
-- Database: `goodnighthack`
--

-- --------------------------------------------------------

--
-- Table structure for table `drink`
--

CREATE TABLE IF NOT EXISTS `drink` (
`drink_id` bigint(20) unsigned NOT NULL,
  `drink_name` varchar(100) NOT NULL,
  `drink_percent` float NOT NULL,
  `drink_congener` float DEFAULT NULL,
  `drink_picture` varchar(200) DEFAULT NULL,
  `drink_calories` int(11) DEFAULT NULL,
  `drink_type1` varchar(100) DEFAULT NULL,
  `drink_type2` varchar(100) DEFAULT NULL,
  `drink_type1_ml` float DEFAULT NULL,
  `drink_type2_ml` float DEFAULT NULL
) ENGINE=InnoDB  DEFAULT CHARSET=latin1 AUTO_INCREMENT=15 ;

--
-- Dumping data for table `drink`
--

INSERT INTO `drink` (`drink_id`, `drink_name`, `drink_percent`, `drink_congener`, `drink_picture`, `drink_calories`, `drink_type1`, `drink_type2`, `drink_type1_ml`, `drink_type2_ml`) VALUES
(1, 'beer', 5, 1, 'guiness.png', 408, '1/2 pint', '1 pint', 284, 568),
(2, 'cider', 5, 1, 'cider.png', 350, '1/2 pint', '1 pint', 284, 568),
(3, 'champagne', 12, 5, 'champagne.png', 712, '1/2 glass', '1 glass', 67.5, 125),
(4, 'white_wine', 12, 5, 'white_wine.png', 840, 'standard glass', 'large glass', 175, 250),
(5, 'red_wine', 12, 8, 'red_wine.png', 840, 'standard glass', 'large glass', 175, 250),
(6, 'gin', 37.5, 3, 'gin.png', 2080, '1 shot', '2 shots', 25, 50),
(7, 'vodka', 37.5, 2, 'vodka.png', 2080, '1 shot', '2 shots', 25, 50),
(8, 'tequilla', 37.5, 4, 'tequilla.png', 2080, '1 shot', '2 shots', 25, 50),
(9, 'rum', 40, 7, 'rum.png', 2440, '1 shot', '2 shots', 25, 50),
(10, 'whiskey', 40, 6, 'whiskey.png', 2440, '1 shot', '2 shots', 25, 50),
(11, 'alcopops', 4, 3, 'alcopops.png', 615, '1/2 pint ', '1 pint', 284, 568),
(12, 'cream_liqueur', 17, 3, 'baileys.png', 3500, '1 shot ', '2 shots', 25, 50),
(13, 'water', 0, -2, 'water.png', 0, '1 bottle', '1 large bottle', 250, 500),
(14, 'soft_drink', 0, -2, 'coke.png', 139, '1/2 pint', 'pint', 284, 568);

-- --------------------------------------------------------

--
-- Table structure for table `session`
--

CREATE TABLE IF NOT EXISTS `session` (
`session_id` bigint(20) unsigned NOT NULL,
  `session_user_id` bigint(20) unsigned DEFAULT NULL,
  `session_timestart` timestamp NOT NULL DEFAULT CURRENT_TIMESTAMP,
  `session_timefinish` timestamp NULL DEFAULT NULL,
  `session_calories` int(11) DEFAULT NULL,
  `session_unit` int(11) DEFAULT NULL,
  `session_soberby` timestamp NULL DEFAULT NULL
) ENGINE=InnoDB  DEFAULT CHARSET=latin1 AUTO_INCREMENT=112 ;

--
-- Dumping data for table `session`
--

INSERT INTO `session` (`session_id`, `session_user_id`, `session_timestart`, `session_timefinish`, `session_calories`, `session_unit`, `session_soberby`) VALUES
(26, 2, '2014-11-08 23:27:39', '2014-11-08 23:28:28', NULL, NULL, NULL),
(29, 2, '2014-11-08 23:38:17', '2014-11-09 00:08:14', NULL, NULL, NULL),
(30, 2, '2014-11-08 23:51:41', '2014-11-09 00:12:21', NULL, NULL, NULL),
(36, 2, '2014-11-09 00:08:59', '2014-11-09 00:28:12', NULL, NULL, NULL),
(39, 2, '2014-11-09 00:12:23', '2014-11-09 00:12:27', NULL, NULL, NULL),
(40, 1, '2014-11-09 00:12:29', '2014-11-09 00:13:42', NULL, NULL, NULL),
(41, 2, '2014-11-09 00:12:29', '2014-11-09 01:18:58', NULL, NULL, NULL),
(42, 1, '2014-11-09 00:14:25', '2014-11-09 01:27:35', NULL, NULL, NULL),
(43, 2, '2014-11-09 00:28:15', '2014-11-09 00:51:08', NULL, NULL, NULL),
(44, 2, '2014-11-09 00:51:09', '2014-11-09 00:51:45', NULL, NULL, NULL),
(45, 2, '2014-11-09 00:55:38', '2014-11-09 01:04:32', NULL, NULL, NULL),
(46, 2, '2014-11-09 01:04:33', '2014-11-09 01:04:38', NULL, NULL, NULL),
(47, 2, '2014-11-09 01:05:10', '2014-11-09 01:07:17', NULL, NULL, NULL),
(48, 1, '2014-11-09 01:06:38', '2014-11-09 01:07:26', NULL, NULL, NULL),
(49, 2, '2014-11-09 01:07:18', '2014-11-09 01:41:27', NULL, NULL, NULL),
(50, 1, '2014-11-09 01:07:28', '2014-11-09 01:07:47', NULL, NULL, NULL),
(51, 1, '2014-11-09 01:12:26', '2014-11-09 01:14:08', NULL, NULL, NULL),
(53, 1, '2014-11-09 01:16:29', '2014-11-09 01:16:47', NULL, NULL, NULL),
(54, 3, '2014-11-09 01:16:37', '2014-11-09 01:19:02', NULL, NULL, NULL),
(55, 1, '2014-11-09 01:16:48', '2014-11-09 01:17:36', NULL, NULL, NULL),
(56, 5, '2014-11-09 01:18:10', '2014-11-09 01:35:01', NULL, NULL, NULL),
(57, 1, '2014-11-09 01:20:44', '2014-11-09 01:21:26', NULL, NULL, NULL),
(59, 2, '2014-11-09 01:41:28', '2014-11-09 01:58:26', NULL, NULL, NULL),
(60, 1, '2014-11-09 02:01:21', '2014-11-09 02:01:45', NULL, NULL, NULL),
(61, 2, '2014-11-09 02:01:35', '2014-11-09 02:02:26', NULL, NULL, NULL),
(62, 1, '2014-11-09 02:01:50', '2014-11-09 02:06:28', NULL, NULL, NULL),
(63, 2, '2014-11-09 02:02:29', '2014-11-09 02:02:50', NULL, NULL, NULL),
(64, 2, '2014-11-09 02:05:20', '2014-11-09 02:06:27', NULL, NULL, NULL),
(65, 2, '2014-11-09 02:07:47', '2014-11-09 03:53:08', NULL, NULL, NULL),
(66, 2, '2014-11-09 02:19:15', '2014-11-09 04:49:56', NULL, NULL, NULL),
(67, 1, '2014-11-09 02:21:47', '2014-11-09 02:24:06', NULL, NULL, NULL),
(68, 3, '2014-11-09 02:22:17', '2014-11-09 02:22:54', NULL, NULL, NULL),
(69, 3, '2014-11-09 02:23:20', '2014-11-09 04:09:12', NULL, NULL, NULL),
(72, 1, '2014-11-09 02:25:22', '2014-11-09 02:28:50', NULL, NULL, NULL),
(74, 2, '2014-11-09 03:53:10', '2014-11-09 04:50:41', NULL, NULL, NULL),
(76, 3, '2014-11-09 04:55:31', '2014-11-09 07:20:41', 331, 4, NULL),
(77, 2, '2014-11-09 04:56:44', '2014-11-09 04:58:55', 576, 9, NULL),
(79, 2, '2014-11-09 05:05:31', '2014-11-09 05:10:09', 1251, 19, NULL),
(80, 2, '2014-11-09 05:39:02', '2014-11-09 07:34:02', 994, 16, NULL),
(81, 3, '2014-11-09 07:22:37', '2014-11-09 07:22:55', 232, 3, NULL),
(82, 3, '2014-11-09 07:23:44', '2014-11-09 07:24:05', 888, 14, NULL),
(84, 2, '2014-11-09 07:43:32', '2014-11-09 07:45:02', 404, 7, NULL),
(85, 2, '2014-11-09 07:45:18', '2014-11-09 07:45:29', 99, 1, NULL),
(86, 2, '2014-11-09 07:45:30', '2014-11-09 07:59:09', 400, 5, NULL),
(87, 2, '2014-11-09 07:49:01', '2014-11-09 07:51:35', 307, 5, NULL),
(90, 1, '2014-11-09 07:52:48', '2014-11-09 07:53:18', 498, 8, NULL),
(91, 1, '2014-11-09 07:58:29', '2014-11-09 08:01:25', 1033, 16, NULL),
(92, 2, '2014-11-09 08:00:18', '2014-11-09 08:19:56', 1527, 23, NULL),
(93, 1, '2014-11-09 08:00:48', '2014-11-09 08:01:21', 430, 6, NULL),
(95, 1, '2014-11-09 08:11:14', '2014-11-09 08:19:56', 1075, 16, NULL),
(96, 1, '2014-11-09 08:21:44', '2014-11-09 08:23:32', 1339, 18, NULL),
(100, 1, '2014-11-09 08:23:53', '2014-11-09 08:26:41', 1382, 18, NULL),
(101, 2, '2014-11-09 08:24:13', NULL, NULL, NULL, NULL),
(102, 1, '2014-11-09 08:27:59', '2014-11-09 08:36:57', 812, 11, NULL),
(105, 2, '2014-11-09 08:35:41', NULL, NULL, NULL, '2014-11-10 07:00:00'),
(106, 1, '2014-11-09 08:37:04', NULL, NULL, NULL, '2014-11-10 06:00:00'),
(107, 3, '2014-11-09 08:37:05', '2014-11-09 08:39:18', 460, 7, '2014-11-10 23:30:00'),
(108, 3, '2014-11-09 08:39:24', NULL, NULL, NULL, '2014-11-10 14:15:00'),
(109, 1, '2014-11-09 08:42:25', '2014-11-09 08:42:39', 467, 7, '2014-11-10 06:45:00'),
(110, 1, '2014-11-09 08:43:06', '2014-11-09 08:43:16', 251, 4, '2014-11-10 17:30:00'),
(111, 7, '2014-11-09 08:44:41', NULL, NULL, NULL, '2014-11-10 09:00:00');

-- --------------------------------------------------------

--
-- Table structure for table `sessiondrink`
--

CREATE TABLE IF NOT EXISTS `sessiondrink` (
`sessdr_id` bigint(20) unsigned NOT NULL,
  `sessdr_session_id` bigint(20) unsigned DEFAULT NULL,
  `sessdr_drink_id` bigint(20) unsigned DEFAULT NULL,
  `sessdr_time` timestamp NOT NULL DEFAULT CURRENT_TIMESTAMP,
  `sessdr_volume` int(11) DEFAULT NULL,
  `sessdr_ebac_before` float NOT NULL,
  `sessdr_ebac_after` float NOT NULL
) ENGINE=InnoDB  DEFAULT CHARSET=latin1 AUTO_INCREMENT=699 ;

--
-- Dumping data for table `sessiondrink`
--

INSERT INTO `sessiondrink` (`sessdr_id`, `sessdr_session_id`, `sessdr_drink_id`, `sessdr_time`, `sessdr_volume`, `sessdr_ebac_before`, `sessdr_ebac_after`) VALUES
(39, 29, 5, '2014-11-09 00:01:05', 250, 0, 0.0437687),
(40, 29, 6, '2014-11-09 00:01:11', 50, 0, 0.0273554),
(41, 29, 6, '2014-11-09 00:01:16', 50, 0, 0.0273554),
(42, 30, 2, '2014-11-09 00:02:06', 568, 0, 0.0414343),
(43, 39, 2, '2014-11-09 00:12:24', 568, 0, 0.0414343),
(44, 39, 2, '2014-11-09 00:12:26', 568, 0, 0.0414343),
(45, 41, 2, '2014-11-09 00:12:31', 568, 0, 0.0414343),
(46, 40, 2, '2014-11-09 00:12:32', 568, 0, 0.0466136),
(47, 40, 2, '2014-11-09 00:12:35', 284, 0, 0.0233068),
(48, 40, 2, '2014-11-09 00:12:58', 568, 0, 0.0466136),
(49, 40, 2, '2014-11-09 00:13:01', 284, 0, 0.0233068),
(50, 40, 1, '2014-11-09 00:13:04', 568, 0, 0.0466136),
(51, 40, 1, '2014-11-09 00:13:07', 568, 0, 0.0466136),
(52, 40, 2, '2014-11-09 00:13:10', 284, 0, 0.0233068),
(53, 40, 2, '2014-11-09 00:13:21', 568, 0, 0.0466136),
(54, 40, 1, '2014-11-09 00:13:28', 568, 0, 0.0466136),
(55, 40, 2, '2014-11-09 00:13:38', 568, 0, 0.0466136),
(56, 36, 4, '2014-11-09 00:14:03', 250, 0, 0.0437687),
(57, 36, 6, '2014-11-09 00:18:49', 50, 0.042577, 0.0699324),
(58, 36, 7, '2014-11-09 00:20:50', 50, 0.0694283, 0.0967837),
(59, 36, 7, '2014-11-09 00:21:00', 50, 0.096742, 0.124097),
(60, 36, 7, '2014-11-09 00:21:00', 50, 0.124097, 0.151453),
(61, 36, 7, '2014-11-09 00:21:01', 50, 0.151449, 0.178804),
(62, 36, 7, '2014-11-09 00:21:02', 50, 0.1788, 0.206155),
(63, 36, 7, '2014-11-09 00:21:03', 50, 0.206151, 0.233507),
(64, 36, 7, '2014-11-09 00:21:04', 50, 0.233502, 0.260858),
(66, 36, 7, '2014-11-09 00:21:09', 50, 0.288192, 0.315548),
(67, 36, 7, '2014-11-09 00:21:10', 50, 0.315544, 0.342899),
(68, 36, 7, '2014-11-09 00:21:11', 50, 0.342895, 0.37025),
(69, 36, 7, '2014-11-09 00:21:12', 50, 0.370246, 0.397602),
(70, 36, 7, '2014-11-09 00:21:13', 50, 0.397597, 0.424953),
(71, 36, 7, '2014-11-09 00:21:14', 50, 0.424949, 0.452304),
(72, 36, 7, '2014-11-09 00:21:15', 50, 0.4523, 0.479655),
(73, 36, 7, '2014-11-09 00:21:15', 50, 0.479655, 0.507011),
(75, 36, 7, '2014-11-09 00:21:17', 50, 0.534358, 0.561713),
(76, 36, 7, '2014-11-09 00:21:19', 50, 0.561705, 0.58906),
(77, 36, 7, '2014-11-09 00:21:20', 50, 0.589056, 0.616412),
(78, 36, 7, '2014-11-09 00:21:21', 50, 0.616407, 0.643763),
(79, 36, 7, '2014-11-09 00:21:21', 50, 0.643763, 0.671118),
(80, 36, 7, '2014-11-09 00:21:22', 50, 0.671114, 0.69847),
(81, 36, 7, '2014-11-09 00:21:23', 50, 0.698465, 0.725821),
(82, 36, 5, '2014-11-09 00:26:09', 250, 0.724629, 0.768398),
(83, 36, 6, '2014-11-09 00:26:14', 50, 0.768377, 0.795732),
(84, 36, 5, '2014-11-09 00:26:22', 250, 0.795699, 0.839468),
(85, 36, 4, '2014-11-09 00:26:29', 250, 0.839438, 0.883207),
(86, 36, 6, '2014-11-09 00:26:42', 50, 0.883153, 0.910508),
(87, 36, 5, '2014-11-09 00:26:52', 250, 0.910467, 0.954235),
(88, 36, 5, '2014-11-09 00:27:12', 175, 0.954152, 0.98479),
(89, 36, 6, '2014-11-09 00:27:22', 50, 0.984748, 1.0121),
(90, 36, 10, '2014-11-09 00:27:38', 25, 1.01204, 1.02663),
(91, 43, 4, '2014-11-09 00:28:18', 175, 0, 0.0306381),
(92, 43, 4, '2014-11-09 00:28:28', 250, 0.0305964, 0.0743651),
(93, 43, 10, '2014-11-09 00:28:35', 50, 0.0743359, 0.103515),
(94, 43, 10, '2014-11-09 00:28:38', 50, 0.103503, 0.132682),
(95, 41, 2, '2014-11-09 00:34:23', 568, 0.0359677, 0.077402),
(96, 43, 4, '2014-11-09 00:39:49', 250, 0.129886, 0.173654),
(97, 43, 5, '2014-11-09 00:39:50', 250, 0.17365, 0.217419),
(98, 43, 6, '2014-11-09 00:39:51', 50, 0.217415, 0.24477),
(99, 43, 3, '2014-11-09 00:41:42', 68, 0.244308, 0.256125),
(100, 43, 4, '2014-11-09 00:41:44', 250, 0.256204, 0.299973),
(101, 43, 4, '2014-11-09 00:45:47', 250, 0.298961, 0.342729),
(102, 43, 4, '2014-11-09 00:45:49', 175, 0.342721, 0.373359),
(103, 43, 4, '2014-11-09 00:46:13', 250, 0.373259, 0.417028),
(104, 43, 4, '2014-11-09 00:46:18', 250, 0.417007, 0.460776),
(105, 43, 5, '2014-11-09 00:46:40', 250, 0.460684, 0.504453),
(106, 43, 6, '2014-11-09 00:46:44', 50, 0.504436, 0.531791),
(107, 43, 5, '2014-11-09 00:47:20', 250, 0.531641, 0.57541),
(108, 41, 2, '2014-11-09 00:47:41', 568, 0.074077, 0.115511),
(109, 41, 2, '2014-11-09 00:47:51', 568, 0.11547, 0.156904),
(110, 41, 3, '2014-11-09 00:47:54', 125, 0.156892, 0.178776),
(111, 41, 2, '2014-11-09 00:47:55', 568, 0.178772, 0.220206),
(112, 41, 2, '2014-11-09 00:47:56', 568, 0.220202, 0.261636),
(113, 41, 2, '2014-11-09 00:47:57', 568, 0.261632, 0.303066),
(114, 41, 2, '2014-11-09 00:48:10', 568, 0.303012, 0.344447),
(115, 41, 2, '2014-11-09 00:48:11', 568, 0.344442, 0.385877),
(116, 41, 2, '2014-11-09 00:48:12', 568, 0.385873, 0.427307),
(117, 41, 2, '2014-11-09 00:48:17', 284, 0.427286, 0.448003),
(118, 41, 2, '2014-11-09 00:48:22', 568, 0.447982, 0.489417),
(119, 41, 2, '2014-11-09 00:48:23', 568, 0.489413, 0.530847),
(120, 43, 3, '2014-11-09 00:48:44', 68, 0.57506, 0.586877),
(121, 43, 5, '2014-11-09 00:49:01', 250, 0.586894, 0.630663),
(122, 43, 4, '2014-11-09 00:49:27', 250, 0.630554, 0.674323),
(123, 43, 6, '2014-11-09 00:49:43', 50, 0.674257, 0.701612),
(124, 43, 5, '2014-11-09 00:49:46', 250, 0.701599, 0.745368),
(125, 43, 5, '2014-11-09 00:50:54', 250, 0.745085, 0.788853),
(126, 44, 6, '2014-11-09 00:51:11', 50, 0, 0.0273554),
(127, 44, 5, '2014-11-09 00:51:15', 250, 0.0273388, 0.0711074),
(128, 42, 2, '2014-11-09 00:53:14', 568, 0, 0.0466136),
(129, 42, 1, '2014-11-09 00:53:16', 284, 0.0466053, 0.0699121),
(130, 42, 1, '2014-11-09 00:53:17', 284, 0.0699079, 0.0932148),
(131, 42, 1, '2014-11-09 00:53:19', 284, 0.0932064, 0.116513),
(132, 42, 1, '2014-11-09 00:53:21', 284, 0.116505, 0.139812),
(133, 42, 2, '2014-11-09 00:53:21', 568, 0.139812, 0.186425),
(134, 42, 2, '2014-11-09 00:53:22', 568, 0.186421, 0.233035),
(135, 42, 2, '2014-11-09 00:53:23', 568, 0.233031, 0.279644),
(136, 42, 2, '2014-11-09 00:53:23', 568, 0.279644, 0.326258),
(137, 42, 3, '2014-11-09 00:53:25', 68, 0.32625, 0.339544),
(138, 41, 12, '2014-11-09 00:53:31', 50, 0.529564, 0.541965),
(139, 41, 12, '2014-11-09 00:53:32', 50, 0.541961, 0.554362),
(140, 41, 12, '2014-11-09 00:53:33', 50, 0.554357, 0.566759),
(141, 42, 12, '2014-11-09 00:53:33', 50, 0.339609, 0.353561),
(142, 42, 12, '2014-11-09 00:53:34', 50, 0.353557, 0.367508),
(143, 41, 12, '2014-11-09 00:53:35', 50, 0.56675, 0.579151),
(144, 42, 12, '2014-11-09 00:53:35', 50, 0.367504, 0.381455),
(145, 41, 12, '2014-11-09 00:53:36', 50, 0.579147, 0.591548),
(146, 42, 12, '2014-11-09 00:53:36', 50, 0.381451, 0.395402),
(147, 42, 12, '2014-11-09 00:53:37', 50, 0.395398, 0.409349),
(148, 42, 12, '2014-11-09 00:53:38', 50, 0.409345, 0.423296),
(149, 41, 12, '2014-11-09 00:53:39', 50, 0.591536, 0.603937),
(150, 42, 13, '2014-11-09 00:53:39', 250, 0.423292, 0.423292),
(151, 42, 13, '2014-11-09 00:53:40', 250, 0.423288, 0.423288),
(152, 42, 13, '2014-11-09 00:53:43', 500, 0.423275, 0.423275),
(153, 41, 13, '2014-11-09 00:53:44', 500, 0.603916, 0.603916),
(154, 42, 14, '2014-11-09 00:53:45', 568, 0.423267, 0.423267),
(155, 41, 13, '2014-11-09 00:53:45', 500, 0.603912, 0.603912),
(156, 41, 14, '2014-11-09 00:53:46', 568, 0.603908, 0.603908),
(157, 42, 11, '2014-11-09 00:53:47', 568, 0.423259, 0.46055),
(158, 42, 12, '2014-11-09 00:53:48', 50, 0.460545, 0.474497),
(159, 41, 14, '2014-11-09 00:53:48', 568, 0.603899, 0.603899),
(160, 42, 12, '2014-11-09 00:53:49', 25, 0.474493, 0.481468),
(161, 42, 11, '2014-11-09 00:53:50', 284, 0.481464, 0.500109),
(162, 41, 14, '2014-11-09 00:53:50', 568, 0.603891, 0.603891),
(163, 42, 11, '2014-11-09 00:53:50', 568, 0.500109, 0.5374),
(164, 42, 11, '2014-11-09 00:53:51', 284, 0.537396, 0.556042),
(165, 42, 12, '2014-11-09 00:53:52', 50, 0.556037, 0.569989),
(166, 42, 12, '2014-11-09 00:53:53', 25, 0.569985, 0.57696),
(167, 42, 12, '2014-11-09 00:53:54', 50, 0.576956, 0.590907),
(168, 42, 9, '2014-11-09 00:53:55', 50, 0.590903, 0.62373),
(169, 42, 10, '2014-11-09 00:53:56', 25, 0.623725, 0.640139),
(170, 42, 9, '2014-11-09 00:53:57', 50, 0.640135, 0.672961),
(171, 42, 9, '2014-11-09 00:53:57', 25, 0.672961, 0.689374),
(172, 42, 9, '2014-11-09 00:53:58', 25, 0.68937, 0.705783),
(173, 42, 9, '2014-11-09 00:53:59', 25, 0.705779, 0.722192),
(174, 42, 9, '2014-11-09 00:53:59', 25, 0.722192, 0.738606),
(175, 42, 9, '2014-11-09 00:54:00', 25, 0.738602, 0.755015),
(176, 42, 9, '2014-11-09 00:54:00', 25, 0.755015, 0.771428),
(177, 42, 9, '2014-11-09 00:54:04', 25, 0.771411, 0.787825),
(178, 42, 9, '2014-11-09 00:54:04', 25, 0.787825, 0.804238),
(179, 42, 9, '2014-11-09 00:54:04', 25, 0.804238, 0.820651),
(180, 42, 9, '2014-11-09 00:54:04', 25, 0.820651, 0.837064),
(181, 42, 9, '2014-11-09 00:54:04', 25, 0.837064, 0.853478),
(182, 42, 9, '2014-11-09 00:54:05', 50, 0.853473, 0.8863),
(183, 42, 9, '2014-11-09 00:54:05', 25, 0.8863, 0.902713),
(184, 42, 9, '2014-11-09 00:54:06', 50, 0.902709, 0.935536),
(185, 42, 9, '2014-11-09 00:54:07', 25, 0.935531, 0.951945),
(186, 42, 9, '2014-11-09 00:54:08', 25, 0.95194, 0.968354),
(187, 42, 9, '2014-11-09 00:54:09', 25, 0.96835, 0.984763),
(188, 42, 9, '2014-11-09 00:54:10', 50, 0.984759, 1.01759),
(189, 42, 8, '2014-11-09 00:54:11', 50, 1.01758, 1.04836),
(190, 42, 8, '2014-11-09 00:54:12', 50, 1.04835, 1.07913),
(191, 42, 8, '2014-11-09 00:54:13', 50, 1.07912, 1.1099),
(192, 42, 8, '2014-11-09 00:54:13', 50, 1.1099, 1.14067),
(193, 42, 8, '2014-11-09 00:54:14', 50, 1.14067, 1.17144),
(194, 42, 8, '2014-11-09 00:54:15', 50, 1.17144, 1.20221),
(195, 42, 8, '2014-11-09 00:54:17', 25, 1.20221, 1.21759),
(196, 42, 8, '2014-11-09 00:54:18', 25, 1.21759, 1.23298),
(197, 42, 8, '2014-11-09 00:54:18', 50, 1.23298, 1.26375),
(198, 42, 8, '2014-11-09 00:54:19', 50, 1.26375, 1.29452),
(199, 42, 8, '2014-11-09 00:54:20', 50, 1.29452, 1.32529),
(200, 42, 8, '2014-11-09 00:54:24', 50, 1.32528, 1.35605),
(201, 42, 8, '2014-11-09 00:54:25', 50, 1.35605, 1.38682),
(202, 42, 8, '2014-11-09 00:54:26', 50, 1.38682, 1.41759),
(203, 42, 8, '2014-11-09 00:54:27', 50, 1.41759, 1.44836),
(204, 42, 8, '2014-11-09 00:54:29', 50, 1.44835, 1.47913),
(205, 42, 8, '2014-11-09 00:54:32', 50, 1.47912, 1.50989),
(206, 42, 8, '2014-11-09 00:54:33', 50, 1.50989, 1.54066),
(207, 42, 8, '2014-11-09 00:54:33', 25, 1.54066, 1.55605),
(208, 42, 8, '2014-11-09 00:54:34', 25, 1.55604, 1.57143),
(209, 42, 8, '2014-11-09 00:54:35', 50, 1.57143, 1.6022),
(210, 42, 8, '2014-11-09 00:54:36', 25, 1.6022, 1.61759),
(211, 42, 8, '2014-11-09 00:54:37', 50, 1.61758, 1.64836),
(212, 42, 8, '2014-11-09 00:54:38', 25, 1.64835, 1.66374),
(213, 42, 8, '2014-11-09 00:54:38', 50, 1.66374, 1.69451),
(214, 42, 8, '2014-11-09 00:54:39', 25, 1.69451, 1.7099),
(215, 42, 8, '2014-11-09 00:54:39', 50, 1.7099, 1.74067),
(216, 42, 8, '2014-11-09 00:54:40', 50, 1.74067, 1.77144),
(217, 42, 8, '2014-11-09 00:54:41', 50, 1.77144, 1.80221),
(218, 42, 8, '2014-11-09 00:54:43', 50, 1.80221, 1.83298),
(219, 42, 8, '2014-11-09 00:54:44', 50, 1.83298, 1.86375),
(220, 42, 8, '2014-11-09 00:54:45', 50, 1.86375, 1.89452),
(221, 42, 8, '2014-11-09 00:54:47', 50, 1.89451, 1.92529),
(222, 42, 8, '2014-11-09 00:54:47', 50, 1.92529, 1.95606),
(223, 42, 8, '2014-11-09 00:54:48', 50, 1.95606, 1.98683),
(224, 42, 8, '2014-11-09 00:54:48', 50, 1.98683, 2.01761),
(225, 42, 8, '2014-11-09 00:54:49', 50, 2.01761, 2.04838),
(226, 42, 8, '2014-11-09 00:54:49', 50, 2.04838, 2.07915),
(227, 42, 8, '2014-11-09 00:54:49', 50, 2.07915, 2.10993),
(228, 42, 8, '2014-11-09 00:54:50', 50, 2.10993, 2.1407),
(229, 42, 8, '2014-11-09 00:54:50', 50, 2.1407, 2.17148),
(230, 42, 8, '2014-11-09 00:54:51', 50, 2.17147, 2.20225),
(231, 42, 8, '2014-11-09 00:54:51', 50, 2.20225, 2.23302),
(232, 42, 8, '2014-11-09 00:54:52', 50, 2.23302, 2.26379),
(233, 42, 8, '2014-11-09 00:54:52', 50, 2.26379, 2.29457),
(234, 42, 8, '2014-11-09 00:54:52', 50, 2.29457, 2.32534),
(235, 42, 8, '2014-11-09 00:54:53', 50, 2.32534, 2.35611),
(236, 42, 8, '2014-11-09 00:54:54', 50, 2.35611, 2.38688),
(237, 42, 8, '2014-11-09 00:54:55', 50, 2.38688, 2.41765),
(238, 42, 8, '2014-11-09 00:54:55', 50, 2.41765, 2.44843),
(239, 42, 8, '2014-11-09 00:54:56', 50, 2.44842, 2.4792),
(240, 42, 8, '2014-11-09 00:54:57', 50, 2.47919, 2.50997),
(241, 42, 8, '2014-11-09 00:54:57', 25, 2.50997, 2.52536),
(242, 42, 9, '2014-11-09 00:54:58', 50, 2.52535, 2.55818),
(243, 42, 8, '2014-11-09 00:54:58', 25, 2.55818, 2.57357),
(244, 42, 9, '2014-11-09 00:54:59', 50, 2.57356, 2.60639),
(245, 42, 8, '2014-11-09 00:54:59', 25, 2.60639, 2.62178),
(246, 42, 9, '2014-11-09 00:54:59', 50, 2.62178, 2.6546),
(247, 42, 8, '2014-11-09 00:55:00', 25, 2.6546, 2.66999),
(248, 42, 9, '2014-11-09 00:55:00', 50, 2.66999, 2.70281),
(249, 42, 9, '2014-11-09 00:55:01', 50, 2.70281, 2.73563),
(250, 42, 8, '2014-11-09 00:55:01', 25, 2.73563, 2.75102),
(251, 42, 9, '2014-11-09 00:55:02', 50, 2.75102, 2.78384),
(252, 42, 8, '2014-11-09 00:55:02', 25, 2.78384, 2.79923),
(253, 42, 9, '2014-11-09 00:55:02', 50, 2.79923, 2.83206),
(254, 42, 8, '2014-11-09 00:55:03', 25, 2.83205, 2.84744),
(255, 42, 9, '2014-11-09 00:55:03', 50, 2.84744, 2.88027),
(256, 42, 8, '2014-11-09 00:55:03', 25, 2.88027, 2.89566),
(257, 42, 9, '2014-11-09 00:55:04', 50, 2.89565, 2.92848),
(258, 42, 8, '2014-11-09 00:55:04', 25, 2.92848, 2.94387),
(259, 42, 9, '2014-11-09 00:55:05', 50, 2.94386, 2.97669),
(260, 42, 9, '2014-11-09 00:55:06', 50, 2.97668, 3.00951),
(261, 42, 8, '2014-11-09 00:55:06', 25, 3.00951, 3.0249),
(262, 42, 9, '2014-11-09 00:55:06', 50, 3.0249, 3.05772),
(263, 45, 5, '2014-11-09 00:57:23', 250, 0, 0.0437687),
(264, 45, 5, '2014-11-09 00:57:26', 250, 0.0437562, 0.0875248),
(265, 45, 6, '2014-11-09 00:57:28', 50, 0.0875165, 0.114872),
(266, 45, 7, '2014-11-09 00:57:29', 50, 0.114868, 0.142223),
(267, 45, 6, '2014-11-09 00:57:34', 50, 0.142202, 0.169558),
(268, 45, 6, '2014-11-09 00:57:35', 50, 0.169554, 0.196909),
(269, 45, 6, '2014-11-09 00:57:37', 50, 0.196901, 0.224256),
(270, 45, 4, '2014-11-09 00:58:04', 250, 0.224144, 0.267912),
(271, 45, 11, '2014-11-09 00:58:30', 568, 0.267804, 0.300951),
(272, 45, 12, '2014-11-09 00:58:44', 50, 0.300893, 0.313294),
(273, 45, 3, '2014-11-09 01:04:29', 125, 0.311857, 0.333741),
(274, 46, 3, '2014-11-09 01:04:35', 125, 0, 0.0218843),
(275, 46, 4, '2014-11-09 01:04:37', 250, 0.021876, 0.0656447),
(276, 47, 5, '2014-11-09 01:05:14', 250, 0, 0.0437687),
(277, 47, 6, '2014-11-09 01:05:18', 50, 0.043752, 0.0711074),
(278, 47, 6, '2014-11-09 01:05:20', 50, 0.0710991, 0.0984545),
(279, 47, 5, '2014-11-09 01:05:21', 250, 0.0984503, 0.142219),
(280, 47, 6, '2014-11-09 01:05:22', 50, 0.142215, 0.16957),
(281, 47, 6, '2014-11-09 01:06:04', 50, 0.169395, 0.196751),
(282, 42, 4, '2014-11-09 01:06:14', 250, 3.05494, 3.10418),
(283, 42, 7, '2014-11-09 01:06:17', 25, 3.10417, 3.11956),
(284, 42, 4, '2014-11-09 01:06:18', 250, 3.11955, 3.16879),
(285, 42, 3, '2014-11-09 01:06:22', 68, 3.16877, 3.18207),
(286, 48, 4, '2014-11-09 01:06:58', 175, 0, 0.0344678),
(287, 48, 5, '2014-11-09 01:07:13', 250, 0.0344053, 0.0836451),
(288, 49, 1, '2014-11-09 01:07:21', 284, 0, 0.0207172),
(289, 49, 1, '2014-11-09 01:07:23', 284, 0.0207088, 0.041426),
(290, 49, 1, '2014-11-09 01:07:24', 284, 0.0414218, 0.062139),
(291, 49, 1, '2014-11-09 01:07:26', 284, 0.0621307, 0.0828478),
(292, 50, 7, '2014-11-09 01:07:30', 25, 0, 0.0153874),
(293, 50, 7, '2014-11-09 01:07:33', 25, 0.0153749, 0.0307623),
(294, 50, 7, '2014-11-09 01:07:40', 25, 0.0307332, 0.0461206),
(295, 50, 7, '2014-11-09 01:07:42', 25, 0.0461123, 0.0614997),
(296, 50, 7, '2014-11-09 01:07:43', 25, 0.0614955, 0.0768829),
(297, 50, 4, '2014-11-09 01:07:45', 175, 0.0768746, 0.111342),
(298, 50, 4, '2014-11-09 01:07:45', 250, 0.111342, 0.160582),
(299, 50, 4, '2014-11-09 01:07:46', 250, 0.160578, 0.209818),
(300, 49, 4, '2014-11-09 01:07:53', 250, 0.0827353, 0.126504),
(301, 49, 4, '2014-11-09 01:07:55', 250, 0.126496, 0.170264),
(302, 49, 10, '2014-11-09 01:09:11', 50, 0.169948, 0.199127),
(303, 49, 10, '2014-11-09 01:09:12', 50, 0.199123, 0.228302),
(304, 49, 10, '2014-11-09 01:09:13', 50, 0.228298, 0.257477),
(305, 49, 10, '2014-11-09 01:09:14', 50, 0.257473, 0.286652),
(306, 49, 10, '2014-11-09 01:09:15', 50, 0.286647, 0.315827),
(307, 49, 10, '2014-11-09 01:09:16', 50, 0.315822, 0.345002),
(308, 49, 10, '2014-11-09 01:09:17', 50, 0.344997, 0.374176),
(309, 49, 10, '2014-11-09 01:09:21', 50, 0.37416, 0.403339),
(310, 49, 9, '2014-11-09 01:10:19', 50, 0.403097, 0.432276),
(311, 49, 9, '2014-11-09 01:10:22', 50, 0.432264, 0.461443),
(312, 49, 9, '2014-11-09 01:10:23', 50, 0.461439, 0.490618),
(313, 49, 9, '2014-11-09 01:10:24', 50, 0.490614, 0.519793),
(314, 49, 10, '2014-11-09 01:10:25', 50, 0.519789, 0.548968),
(315, 49, 9, '2014-11-09 01:10:27', 50, 0.548959, 0.578139),
(316, 49, 10, '2014-11-09 01:10:28', 50, 0.578134, 0.607314),
(317, 49, 9, '2014-11-09 01:10:29', 50, 0.607309, 0.636488),
(318, 49, 10, '2014-11-09 01:10:30', 50, 0.636484, 0.665663),
(319, 49, 10, '2014-11-09 01:10:31', 50, 0.665659, 0.694838),
(320, 49, 10, '2014-11-09 01:10:32', 50, 0.694834, 0.724013),
(321, 49, 10, '2014-11-09 01:10:33', 50, 0.724009, 0.753188),
(322, 49, 9, '2014-11-09 01:10:34', 50, 0.753184, 0.782363),
(323, 49, 9, '2014-11-09 01:10:35', 50, 0.782359, 0.811538),
(324, 49, 9, '2014-11-09 01:10:36', 50, 0.811534, 0.840713),
(325, 49, 10, '2014-11-09 01:10:37', 50, 0.840709, 0.869888),
(326, 49, 10, '2014-11-09 01:10:38', 50, 0.869884, 0.899063),
(327, 49, 10, '2014-11-09 01:10:40', 50, 0.899055, 0.928234),
(328, 49, 10, '2014-11-09 01:10:41', 50, 0.92823, 0.957409),
(329, 49, 10, '2014-11-09 01:10:43', 50, 0.9574, 0.986579),
(330, 49, 14, '2014-11-09 01:10:45', 568, 0.986571, 0.986571),
(331, 49, 14, '2014-11-09 01:10:46', 568, 0.986567, 0.986567),
(332, 49, 14, '2014-11-09 01:10:47', 568, 0.986563, 0.986563),
(333, 49, 14, '2014-11-09 01:10:48', 568, 0.986559, 0.986559),
(334, 49, 14, '2014-11-09 01:10:48', 568, 0.986559, 0.986559),
(335, 49, 14, '2014-11-09 01:10:50', 568, 0.98655, 0.98655),
(336, 49, 14, '2014-11-09 01:10:51', 568, 0.986546, 0.986546),
(337, 49, 13, '2014-11-09 01:10:52', 500, 0.986542, 0.986542),
(338, 49, 12, '2014-11-09 01:10:53', 50, 0.986538, 0.998939),
(339, 49, 7, '2014-11-09 01:10:54', 50, 0.998935, 1.02629),
(340, 49, 14, '2014-11-09 01:10:55', 568, 1.02629, 1.02629),
(341, 49, 7, '2014-11-09 01:10:56', 50, 1.02628, 1.05364),
(342, 49, 7, '2014-11-09 01:10:57', 50, 1.05363, 1.08099),
(343, 49, 7, '2014-11-09 01:10:59', 50, 1.08098, 1.10834),
(344, 49, 7, '2014-11-09 01:11:00', 50, 1.10833, 1.13569),
(345, 49, 7, '2014-11-09 01:11:01', 50, 1.13568, 1.16304),
(346, 49, 7, '2014-11-09 01:11:02', 50, 1.16303, 1.19039),
(347, 49, 7, '2014-11-09 01:11:03', 50, 1.19039, 1.21774),
(348, 49, 7, '2014-11-09 01:11:04', 50, 1.21774, 1.24509),
(349, 49, 7, '2014-11-09 01:11:05', 50, 1.24509, 1.27244),
(350, 49, 7, '2014-11-09 01:11:06', 50, 1.27244, 1.29979),
(351, 49, 7, '2014-11-09 01:11:07', 50, 1.29979, 1.32715),
(352, 49, 7, '2014-11-09 01:11:08', 50, 1.32714, 1.3545),
(353, 49, 7, '2014-11-09 01:11:09', 50, 1.35449, 1.38185),
(354, 49, 7, '2014-11-09 01:11:10', 50, 1.38184, 1.4092),
(355, 49, 7, '2014-11-09 01:11:11', 50, 1.4092, 1.43655),
(356, 49, 7, '2014-11-09 01:11:13', 50, 1.43654, 1.4639),
(357, 49, 4, '2014-11-09 01:11:33', 175, 1.46381, 1.49445),
(358, 49, 4, '2014-11-09 01:11:43', 2500000, 1.49441, 1.53818),
(359, 51, 6, '2014-11-09 01:12:29', 50, 0, 0.0307748),
(360, 51, 5, '2014-11-09 01:12:31', 175, 0.0307665, 0.0652343),
(361, 51, 5, '2014-11-09 01:12:32', 250, 0.0652302, 0.11447),
(362, 51, 4, '2014-11-09 01:13:10', 175, 0.114312, 0.148779),
(363, 53, 4, '2014-11-09 01:16:31', 250, 0, 0.0492398),
(364, 53, 4, '2014-11-09 01:16:32', 175, 0.0492356, 0.0837034),
(365, 53, 5, '2014-11-09 01:16:33', 250, 0.0836992, 0.132939),
(366, 53, 5, '2014-11-09 01:16:35', 175, 0.132931, 0.167398),
(367, 53, 5, '2014-11-09 01:16:37', 250, 0.16739, 0.21663),
(368, 53, 5, '2014-11-09 01:16:41', 250, 0.216613, 0.265853),
(369, 54, 10, '2014-11-09 01:16:41', 50, 0, 0.0404018),
(370, 54, 10, '2014-11-09 01:16:42', 50, 0.0403977, 0.0807995),
(371, 54, 10, '2014-11-09 01:16:43', 50, 0.0807954, 0.121197),
(372, 54, 10, '2014-11-09 01:16:44', 50, 0.121193, 0.161595),
(373, 54, 10, '2014-11-09 01:16:45', 50, 0.161591, 0.201993),
(374, 53, 7, '2014-11-09 01:16:46', 50, 0.265832, 0.296607),
(375, 54, 10, '2014-11-09 01:16:46', 50, 0.201988, 0.24239),
(376, 53, 6, '2014-11-09 01:16:47', 50, 0.296603, 0.327378),
(377, 54, 10, '2014-11-09 01:16:47', 50, 0.242386, 0.282788),
(378, 54, 10, '2014-11-09 01:16:48', 50, 0.282784, 0.323186),
(379, 55, 5, '2014-11-09 01:16:49', 250, 0, 0.0492398),
(380, 54, 10, '2014-11-09 01:16:49', 50, 0.323181, 0.363583),
(381, 55, 5, '2014-11-09 01:16:50', 175, 0.0492356, 0.0837034),
(382, 54, 10, '2014-11-09 01:16:51', 50, 0.363575, 0.403977),
(383, 54, 10, '2014-11-09 01:17:17', 25, 0.403868, 0.424069),
(384, 55, 4, '2014-11-09 01:17:33', 250, 0.0835242, 0.132764),
(385, 56, 4, '2014-11-09 01:18:12', 250, 0, 0.0463433),
(386, 56, 5, '2014-11-09 01:18:13', 175, 0.0463391, 0.0787794),
(387, 56, 5, '2014-11-09 01:18:17', 250, 0.0787628, 0.125106),
(388, 56, 5, '2014-11-09 01:18:30', 250, 0.125052, 0.171395),
(389, 56, 3, '2014-11-09 01:19:06', 68, 0.171245, 0.183758),
(390, 56, 5, '2014-11-09 01:19:10', 250, 0.183834, 0.230177),
(391, 56, 7, '2014-11-09 01:19:11', 25, 0.230173, 0.244655),
(392, 56, 5, '2014-11-09 01:19:20', 250, 0.244618, 0.290961),
(393, 56, 7, '2014-11-09 01:19:21', 25, 0.290957, 0.305439),
(394, 42, 2, '2014-11-09 01:20:11', 568, 3.17871, 3.22533),
(395, 42, 2, '2014-11-09 01:20:12', 284, 3.22532, 3.24863),
(396, 57, 2, '2014-11-09 01:20:50', 568, 0, 0.0466136),
(397, 57, 2, '2014-11-09 01:20:51', 568, 0.0466095, 0.0932231),
(398, 57, 1, '2014-11-09 01:20:53', 284, 0.0932148, 0.116522),
(399, 59, 6, '2014-11-09 01:58:15', 50, 0, 0.0273554),
(400, 59, 6, '2014-11-09 01:58:18', 50, 0.0273429, 0.0546983),
(401, 60, 2, '2014-11-09 02:01:39', 568, 0, 0.0466136),
(402, 62, 6, '2014-11-09 02:01:54', 50, 0, 0.0307748),
(403, 62, 6, '2014-11-09 02:01:56', 25, 0.0307665, 0.0461539),
(404, 62, 6, '2014-11-09 02:02:00', 50, 0.0461373, 0.0769121),
(405, 62, 6, '2014-11-09 02:02:05', 50, 0.0768913, 0.107666),
(409, 61, 3, '2014-11-09 02:02:17', 125, 0, 0.0218843),
(410, 63, 5, '2014-11-09 02:02:31', 250, 0, 0.0437687),
(411, 64, 7, '2014-11-09 02:05:43', 50, 0, 0.0273554),
(412, 65, 7, '2014-11-09 02:16:11', 50, 0, 0.0273554),
(413, 65, 6, '2014-11-09 02:17:21', 50, 0.0270637, 0.0544192),
(414, 65, 6, '2014-11-09 02:17:23', 50, 0.0544108, 0.0817662),
(415, 65, 7, '2014-11-09 02:17:24', 50, 0.0817621, 0.109118),
(416, 65, 6, '2014-11-09 02:17:26', 50, 0.109109, 0.136465),
(417, 65, 5, '2014-11-09 02:17:27', 250, 0.13646, 0.180229),
(418, 65, 4, '2014-11-09 02:17:28', 250, 0.180225, 0.223994),
(419, 65, 4, '2014-11-09 02:17:31', 250, 0.223981, 0.26775),
(421, 66, 3, '2014-11-09 02:19:16', 125, 0, 0.0218843),
(422, 66, 3, '2014-11-09 02:19:18', 125, 0.021876, 0.0437603),
(423, 66, 2, '2014-11-09 02:19:20', 568, 0.043752, 0.0851863),
(424, 66, 2, '2014-11-09 02:19:21', 568, 0.0851822, 0.126617),
(425, 66, 2, '2014-11-09 02:19:22', 568, 0.126612, 0.168047),
(426, 66, 2, '2014-11-09 02:19:23', 568, 0.168043, 0.209477),
(427, 66, 3, '2014-11-09 02:19:25', 125, 0.209469, 0.231353),
(428, 66, 6, '2014-11-09 02:19:27', 50, 0.231345, 0.2587),
(429, 66, 6, '2014-11-09 02:19:30', 50, 0.258687, 0.286043),
(430, 66, 5, '2014-11-09 02:19:31', 250, 0.286039, 0.329807),
(431, 66, 5, '2014-11-09 02:19:32', 250, 0.329803, 0.373572),
(432, 66, 5, '2014-11-09 02:19:34', 250, 0.373564, 0.417332),
(433, 67, 3, '2014-11-09 02:21:58', 125, 0, 0.0246199),
(434, 67, 3, '2014-11-09 02:22:13', 125, 0.0245574, 0.0491773),
(435, 68, 1, '2014-11-09 02:22:26', 568, 0, 0.0573706),
(436, 68, 1, '2014-11-09 02:22:32', 568, 0.0573456, 0.114716),
(437, 68, 10, '2014-11-09 02:22:39', 50, 0.114687, 0.155089),
(438, 68, 10, '2014-11-09 02:22:41', 50, 0.155081, 0.195482),
(439, 68, 10, '2014-11-09 02:22:43', 25, 0.195474, 0.215675),
(440, 68, 10, '2014-11-09 02:22:45', 25, 0.215667, 0.235868),
(441, 68, 10, '2014-11-09 02:22:47', 50, 0.235859, 0.276261),
(442, 68, 10, '2014-11-09 02:22:48', 50, 0.276257, 0.316659),
(443, 68, 10, '2014-11-09 02:22:49', 50, 0.316655, 0.357056),
(444, 68, 10, '2014-11-09 02:22:50', 50, 0.357052, 0.397454),
(445, 67, 12, '2014-11-09 02:23:11', 25, 0.0489356, 0.0559112),
(446, 67, 14, '2014-11-09 02:23:21', 568, 0.0558695, 0.0558695),
(447, 69, 13, '2014-11-09 02:23:25', 500, 0, 0),
(448, 69, 13, '2014-11-09 02:23:26', 500, 0, 0),
(449, 69, 13, '2014-11-09 02:23:26', 500, 0, 0),
(450, 69, 13, '2014-11-09 02:23:29', 500, 0, 0),
(451, 69, 13, '2014-11-09 02:23:29', 500, 0, 0),
(452, 69, 13, '2014-11-09 02:23:31', 500, 0, 0),
(453, 69, 13, '2014-11-09 02:23:31', 500, 0, 0),
(454, 69, 13, '2014-11-09 02:23:32', 500, 0, 0),
(455, 69, 13, '2014-11-09 02:23:33', 500, 0, 0),
(456, 69, 13, '2014-11-09 02:23:34', 500, 0, 0),
(457, 69, 13, '2014-11-09 02:23:35', 500, 0, 0),
(458, 69, 13, '2014-11-09 02:23:36', 500, 0, 0),
(459, 69, 13, '2014-11-09 02:23:37', 500, 0, 0),
(460, 69, 13, '2014-11-09 02:23:37', 500, 0, 0),
(461, 69, 13, '2014-11-09 02:23:38', 500, 0, 0),
(462, 69, 13, '2014-11-09 02:23:40', 500, 0, 0),
(463, 69, 13, '2014-11-09 02:23:41', 500, 0, 0),
(464, 67, 1, '2014-11-09 02:23:41', 568, 0.0557862, 0.1024),
(465, 69, 13, '2014-11-09 02:23:42', 500, 0, 0),
(466, 69, 13, '2014-11-09 02:23:42', 500, 0, 0),
(467, 69, 13, '2014-11-09 02:23:43', 500, 0, 0),
(468, 69, 13, '2014-11-09 02:23:44', 500, 0, 0),
(469, 67, 1, '2014-11-09 02:23:44', 284, 0.102387, 0.125694),
(470, 69, 12, '2014-11-09 02:23:47', 50, 0, 0.0171708),
(471, 67, 1, '2014-11-09 02:23:48', 568, 0.125677, 0.172291),
(472, 67, 2, '2014-11-09 02:23:50', 568, 0.172283, 0.218896),
(473, 72, 3, '2014-11-09 02:25:25', 125, 0, 0.0246199),
(474, 72, 1, '2014-11-09 02:25:29', 568, 0.0246032, 0.0712168),
(475, 72, 2, '2014-11-09 02:26:51', 568, 0.0708752, 0.117489),
(476, 72, 2, '2014-11-09 02:26:52', 568, 0.117485, 0.164098),
(477, 72, 2, '2014-11-09 02:26:53', 284, 0.164094, 0.187401),
(478, 72, 1, '2014-11-09 02:26:55', 568, 0.187393, 0.234006),
(479, 72, 1, '2014-11-09 02:26:57', 568, 0.233998, 0.280612),
(480, 72, 2, '2014-11-09 02:26:59', 284, 0.280603, 0.30391),
(481, 72, 2, '2014-11-09 02:27:15', 568, 0.303843, 0.350457),
(482, 72, 2, '2014-11-09 02:27:30', 284, 0.350394, 0.373701),
(483, 72, 2, '2014-11-09 02:27:32', 568, 0.373693, 0.420307),
(484, 72, 1, '2014-11-09 02:27:34', 284, 0.420298, 0.443605),
(485, 72, 1, '2014-11-09 02:27:35', 568, 0.443601, 0.490214),
(486, 72, 2, '2014-11-09 02:27:36', 284, 0.49021, 0.513517),
(487, 72, 2, '2014-11-09 02:27:38', 568, 0.513509, 0.560122),
(491, 65, 2, '2014-11-09 03:20:10', 284, 0.252087, 0.272804),
(492, 66, 2, '2014-11-09 03:20:32', 284, 0.402091, 0.422808),
(493, 65, 1, '2014-11-09 03:26:22', 284, 0.271254, 0.291972),
(494, 65, 1, '2014-11-09 03:48:47', 284, 0.286367, 0.307085),
(495, 65, 2, '2014-11-09 03:48:52', 568, 0.307064, 0.348498),
(518, 74, 6, '2014-11-09 03:56:28', 50, 0.327108, 0.354464),
(519, 74, 7, '2014-11-09 03:56:29', 50, 0.35446, 0.381815),
(520, 74, 8, '2014-11-09 03:56:30', 50, 0.381811, 0.409166),
(521, 74, 7, '2014-11-09 03:56:31', 50, 0.409162, 0.436517),
(522, 74, 6, '2014-11-09 03:56:32', 50, 0.436513, 0.463869),
(523, 74, 5, '2014-11-09 03:57:44', 250, 0.136777, 0.180546),
(524, 74, 5, '2014-11-09 03:57:49', 250, 0.180546, 0.224314),
(525, 74, 1, '2014-11-09 03:58:08', 568, 0.224314, 0.265749),
(526, 74, 7, '2014-11-09 03:58:54', 50, 0.265749, 0.293104),
(527, 74, 8, '2014-11-09 03:58:56', 50, 0.293104, 0.32046),
(528, 74, 5, '2014-11-09 03:59:21', 250, 0.32046, 0.364228),
(529, 74, 7, '2014-11-09 04:00:00', 50, 0.364228, 0.391584),
(530, 74, 6, '2014-11-09 04:01:03', 50, 0.391584, 0.418939),
(531, 74, 6, '2014-11-09 04:01:30', 50, 0.418939, 0.446295),
(532, 74, 6, '2014-11-09 04:01:56', 50, 0.446295, 0.47365),
(533, 74, 7, '2014-11-09 04:01:58', 50, 0.47365, 0.501005),
(540, 74, 4, '2014-11-09 04:05:27', 250, 0.501005, 0.544774),
(541, 74, 4, '2014-11-09 04:05:28', 175, 0.544774, 0.575412),
(542, 74, 5, '2014-11-09 04:05:29', 250, 0.575412, 0.619181),
(543, 66, 5, '2014-11-09 04:10:30', 250, 0.410316, 0.454085),
(544, 66, 5, '2014-11-09 04:42:12', 175, 0.44616, 0.476798),
(545, 66, 7, '2014-11-09 04:45:36', 25, 0.475948, 0.489625),
(546, 66, 7, '2014-11-09 04:45:38', 25, 0.489617, 0.503295),
(547, 66, 7, '2014-11-09 04:45:40', 25, 0.503286, 0.516964),
(548, 66, 11, '2014-11-09 04:45:43', 284, 0.516952, 0.533525),
(549, 66, 7, '2014-11-09 04:46:15', 50, 0.533392, 0.560748),
(550, 66, 6, '2014-11-09 04:48:15', 25, 0.560248, 0.573925),
(551, 66, 2, '2014-11-09 04:48:52', 568, 0.573771, 0.615205),
(552, 66, 2, '2014-11-09 04:48:53', 568, 0.615201, 0.656636),
(553, 66, 2, '2014-11-09 04:48:54', 284, 0.656631, 0.677349),
(554, 66, 2, '2014-11-09 04:48:56', 568, 0.67734, 0.718775),
(555, 66, 2, '2014-11-09 04:48:57', 568, 0.71877, 0.760205),
(556, 66, 2, '2014-11-09 04:49:01', 568, 0.760188, 0.801622),
(557, 66, 6, '2014-11-09 04:49:05', 50, 0.801606, 0.828961),
(558, 77, 5, '2014-11-09 04:56:46', 250, 0, 0.0437687),
(559, 77, 6, '2014-11-09 04:56:47', 25, 0.0437645, 0.0574422),
(560, 77, 5, '2014-11-09 04:56:49', 250, 0.0574339, 0.101203),
(561, 77, 6, '2014-11-09 04:57:50', 50, 0.100948, 0.128304),
(562, 79, 6, '2014-11-09 05:05:33', 50, 0, 0.0273554),
(563, 79, 5, '2014-11-09 05:05:36', 250, 0.0273429, 0.0711116),
(564, 79, 6, '2014-11-09 05:05:42', 50, 0.0710866, 0.098442),
(565, 79, 5, '2014-11-09 05:05:46', 250, 0.0984253, 0.142194),
(566, 79, 4, '2014-11-09 05:05:50', 250, 0.142177, 0.185946),
(567, 79, 2, '2014-11-09 05:05:54', 284, 0.185929, 0.206647),
(568, 79, 5, '2014-11-09 05:05:56', 250, 0.206638, 0.250407),
(569, 79, 7, '2014-11-09 05:05:58', 50, 0.250399, 0.277754),
(571, 80, 7, '2014-11-09 06:48:59', 25, 0, 0.0136777),
(572, 80, 4, '2014-11-09 06:49:06', 250, 0.0136485, 0.0574172),
(573, 80, 6, '2014-11-09 07:06:23', 50, 0.0530964, 0.0804518),
(574, 80, 6, '2014-11-09 07:06:25', 50, 0.0804435, 0.107799),
(575, 80, 6, '2014-11-09 07:06:27', 50, 0.107791, 0.135146),
(576, 80, 5, '2014-11-09 07:16:36', 250, 0.132608, 0.176377),
(577, 76, 1, '2014-11-09 07:20:19', 568, 0, 0.0573706),
(578, 76, 2, '2014-11-09 07:20:22', 284, 0.0573581, 0.0860434),
(579, 81, 1, '2014-11-09 07:22:42', 568, 0, 0.0573706),
(580, 80, 5, '2014-11-09 07:23:26', 250, 0.174669, 0.218437),
(581, 82, 1, '2014-11-09 07:23:47', 568, 0, 0.0573706),
(582, 82, 2, '2014-11-09 07:23:49', 284, 0.0573623, 0.0860476),
(583, 82, 3, '2014-11-09 07:23:50', 125, 0.0860434, 0.116345),
(584, 82, 6, '2014-11-09 07:23:54', 50, 0.116328, 0.154205),
(585, 82, 7, '2014-11-09 07:23:55', 25, 0.154201, 0.173139),
(586, 82, 7, '2014-11-09 07:23:56', 25, 0.173135, 0.192073),
(587, 82, 7, '2014-11-09 07:23:57', 50, 0.192069, 0.229946),
(588, 82, 8, '2014-11-09 07:24:01', 50, 0.229929, 0.267806),
(589, 82, 8, '2014-11-09 07:24:02', 25, 0.267802, 0.28674),
(590, 84, 3, '2014-11-09 07:44:24', 125, 0, 0.0218843),
(591, 84, 3, '2014-11-09 07:44:25', 125, 0.0218802, 0.0437645),
(592, 84, 3, '2014-11-09 07:44:27', 125, 0.0437562, 0.0656405),
(593, 84, 3, '2014-11-09 07:44:28', 68, 0.0656363, 0.0774539),
(594, 84, 3, '2014-11-09 07:44:31', 125, 0.0775289, 0.0994132),
(595, 85, 2, '2014-11-09 07:45:25', 284, 0, 0.0207172),
(599, 86, 1, '2014-11-09 07:47:55', 284, 0, 0.0207172),
(600, 86, 1, '2014-11-09 07:48:10', 284, 0.0206547, 0.0413718),
(601, 86, 1, '2014-11-09 07:48:28', 284, 0.0412968, 0.062014),
(602, 86, 7, '2014-11-09 07:48:35', 25, 0.0619848, 0.0756625),
(603, 87, 2, '2014-11-09 07:49:30', 284, 0, 0.0207172),
(604, 87, 6, '2014-11-09 07:51:07', 25, 0.020313, 0.0339907),
(605, 87, 6, '2014-11-09 07:51:10', 25, 0.0339782, 0.0476559),
(606, 87, 7, '2014-11-09 07:51:14', 50, 0.0476393, 0.0749947),
(607, 90, 7, '2014-11-09 07:52:54', 25, 0, 0.0153874),
(608, 90, 4, '2014-11-09 07:52:56', 250, 0.0153791, 0.0646188),
(609, 90, 5, '2014-11-09 07:52:58', 175, 0.0646105, 0.0990783),
(610, 90, 3, '2014-11-09 07:53:12', 125, 0.09902, 0.12364),
(613, 91, 5, '2014-11-09 08:00:00', 250, 0, 0.0492398),
(614, 91, 4, '2014-11-09 08:00:03', 175, 0.0492272, 0.0836951),
(615, 91, 3, '2014-11-09 08:00:06', 68, 0.0836826, 0.0969773),
(616, 91, 5, '2014-11-09 08:00:13', 250, 0.0970466, 0.146286),
(617, 91, 5, '2014-11-09 08:00:17', 250, 0.14627, 0.195509),
(618, 92, 5, '2014-11-09 08:00:20', 250, 0, 0.0437687),
(619, 91, 8, '2014-11-09 08:00:23', 50, 0.195484, 0.226259),
(620, 91, 8, '2014-11-09 08:00:26', 50, 0.226247, 0.257022),
(621, 93, 4, '2014-11-09 08:01:04', 250, 0, 0.0492398),
(622, 93, 6, '2014-11-09 08:01:06', 50, 0.0492314, 0.0800063),
(623, 93, 1, '2014-11-09 08:01:11', 284, 0.0799854, 0.103292),
(626, 92, 4, '2014-11-09 08:03:43', 250, 0.0429228, 0.0866915),
(627, 92, 4, '2014-11-09 08:03:45', 250, 0.0866832, 0.130452),
(628, 92, 6, '2014-11-09 08:03:48', 50, 0.130439, 0.157795),
(629, 92, 7, '2014-11-09 08:03:50', 50, 0.157786, 0.185142),
(630, 92, 9, '2014-11-09 08:03:53', 50, 0.185129, 0.214308),
(633, 92, 5, '2014-11-09 08:10:16', 175, 0.212713, 0.243351),
(634, 95, 2, '2014-11-09 08:11:17', 568, 0, 0.0466136),
(635, 95, 1, '2014-11-09 08:11:36', 568, 0.0465345, 0.0931481),
(636, 95, 6, '2014-11-09 08:11:59', 50, 0.0930523, 0.123827),
(637, 95, 5, '2014-11-09 08:12:10', 250, 0.123781, 0.173021),
(638, 95, 8, '2014-11-09 08:12:14', 50, 0.173004, 0.203779),
(639, 95, 7, '2014-11-09 08:12:17', 25, 0.203767, 0.219154),
(640, 95, 10, '2014-11-09 08:12:27', 50, 0.219112, 0.251939),
(641, 95, 6, '2014-11-09 08:13:19', 25, 0.251722, 0.26711),
(647, 92, 5, '2014-11-09 08:14:47', 250, 0.242222, 0.28599),
(648, 92, 5, '2014-11-09 08:17:25', 250, 0.285332, 0.329101),
(649, 96, 1, '2014-11-09 08:21:57', 568, 0, 0.0466136),
(650, 96, 1, '2014-11-09 08:22:02', 284, 0.0465928, 0.0698996),
(651, 96, 1, '2014-11-09 08:22:06', 568, 0.0698829, 0.116497),
(652, 96, 2, '2014-11-09 08:22:10', 284, 0.11648, 0.139787),
(653, 96, 2, '2014-11-09 08:22:15', 568, 0.139766, 0.18638),
(654, 96, 4, '2014-11-09 08:22:19', 250, 0.186363, 0.235603),
(655, 96, 4, '2014-11-09 08:22:25', 175, 0.235578, 0.270045),
(656, 96, 6, '2014-11-09 08:22:32', 25, 0.270016, 0.285404),
(657, 96, 6, '2014-11-09 08:22:36', 25, 0.285387, 0.300774),
(658, 100, 2, '2014-11-09 08:23:56', 568, 0, 0.0466136),
(659, 100, 1, '2014-11-09 08:24:01', 284, 0.0465928, 0.0698996),
(660, 100, 3, '2014-11-09 08:24:13', 125, 0.0698496, 0.0944695),
(661, 100, 4, '2014-11-09 08:24:17', 175, 0.0944528, 0.128921),
(662, 100, 5, '2014-11-09 08:24:20', 250, 0.128908, 0.178148),
(664, 100, 4, '2014-11-09 08:25:02', 175, 0.177973, 0.212441),
(665, 100, 4, '2014-11-09 08:25:04', 250, 0.212432, 0.261672),
(666, 100, 3, '2014-11-09 08:25:12', 125, 0.261639, 0.286259),
(669, 100, 12, '2014-11-09 08:26:10', 50, 0.286017, 0.299968),
(670, 102, 2, '2014-11-09 08:28:01', 568, 0, 0.0466136),
(671, 102, 2, '2014-11-09 08:28:07', 568, 0.0465886, 0.0932023),
(672, 102, 1, '2014-11-09 08:28:10', 284, 0.0931898, 0.116497),
(673, 102, 2, '2014-11-09 08:36:52', 568, 0.114322, 0.160935),
(674, 102, 2, '2014-11-09 08:36:54', 284, 0.160927, 0.184234),
(675, 106, 2, '2014-11-09 08:37:07', 284, 0, 0.0233068),
(676, 107, 3, '2014-11-09 08:37:08', 68, 0, 0.0163627),
(677, 106, 2, '2014-11-09 08:37:10', 568, 0.0232943, 0.0699079),
(678, 107, 3, '2014-11-09 08:37:12', 125, 0.0164673, 0.0467687),
(679, 106, 2, '2014-11-09 08:37:13', 284, 0.0698954, 0.0932023),
(680, 107, 6, '2014-11-09 08:37:14', 25, 0.0467603, 0.0656987),
(681, 106, 2, '2014-11-09 08:37:14', 568, 0.0931981, 0.139812),
(682, 107, 4, '2014-11-09 08:37:25', 250, 0.0656529, 0.126256),
(683, 107, 10, '2014-11-09 08:37:37', 25, 0.126206, 0.146407),
(688, 108, 6, '2014-11-09 08:40:12', 50, 0, 0.0378767),
(689, 108, 6, '2014-11-09 08:40:14', 50, 0.0378684, 0.0757451),
(690, 108, 4, '2014-11-09 08:40:19', 175, 0.0757243, 0.118146),
(691, 109, 5, '2014-11-09 08:42:27', 250, 0, 0.0492398),
(692, 109, 6, '2014-11-09 08:42:28', 25, 0.0492356, 0.064623),
(693, 109, 3, '2014-11-09 08:42:33', 125, 0.0646022, 0.089222),
(694, 109, 1, '2014-11-09 08:42:36', 284, 0.0892095, 0.112516),
(695, 110, 5, '2014-11-09 08:43:07', 175, 0, 0.0344678),
(696, 110, 7, '2014-11-09 08:43:09', 50, 0.0344595, 0.0652343),
(697, 111, 6, '2014-11-09 08:45:01', 50, 0, 0.0307748),
(698, 111, 3, '2014-11-09 08:45:03', 68, 0.0307665, 0.0440612);

-- --------------------------------------------------------

--
-- Table structure for table `user`
--

CREATE TABLE IF NOT EXISTS `user` (
`user_id` bigint(20) unsigned NOT NULL,
  `user_username` varchar(20) NOT NULL,
  `user_password` varchar(100) NOT NULL,
  `user_weight` int(11) DEFAULT NULL,
  `user_gender` enum('none','male','female') DEFAULT NULL,
  `user_created` timestamp NOT NULL DEFAULT CURRENT_TIMESTAMP
) ENGINE=InnoDB  DEFAULT CHARSET=latin1 AUTO_INCREMENT=8 ;

--
-- Dumping data for table `user`
--

INSERT INTO `user` (`user_id`, `user_username`, `user_password`, `user_weight`, `user_gender`, `user_created`) VALUES
(1, 'Dom', '$2a$07$afsnu3rnw9i3r80m93091OMRHYVK3LMntEz8Jj9HtVS9R/znqyZJS', 80, 'male', '2014-11-08 21:32:01'),
(2, 'humph', '$2a$07$afsnu3rnw9i3r80m93091OMRHYVK3LMntEz8Jj9HtVS9R/znqyZJS', 90, 'male', '2014-11-08 21:38:08'),
(3, 'max', '$2a$07$afsnu3rnw9i3r80m93091OMRHYVK3LMntEz8Jj9HtVS9R/znqyZJS', 65, 'male', '2014-11-08 22:53:22'),
(5, 'dom2', '$2a$07$afsnu3rnw9i3r80m93091OMRHYVK3LMntEz8Jj9HtVS9R/znqyZJS', 85, 'male', '2014-11-09 01:17:52'),
(6, 'dom2', '$2a$07$afsnu3rnw9i3r80m93091OMRHYVK3LMntEz8Jj9HtVS9R/znqyZJS', 80, 'male', '2014-11-09 08:43:55'),
(7, 'dom3', '$2a$07$afsnu3rnw9i3r80m93091OMRHYVK3LMntEz8Jj9HtVS9R/znqyZJS', 80, 'male', '2014-11-09 08:44:22');

--
-- Indexes for dumped tables
--

--
-- Indexes for table `drink`
--
ALTER TABLE `drink`
 ADD UNIQUE KEY `drink_id` (`drink_id`);

--
-- Indexes for table `session`
--
ALTER TABLE `session`
 ADD UNIQUE KEY `session_id` (`session_id`), ADD KEY `session_user_id` (`session_user_id`);

--
-- Indexes for table `sessiondrink`
--
ALTER TABLE `sessiondrink`
 ADD UNIQUE KEY `sessdr_id` (`sessdr_id`), ADD KEY `sessdr_session_id` (`sessdr_session_id`), ADD KEY `sessdr_drink_id` (`sessdr_drink_id`);

--
-- Indexes for table `user`
--
ALTER TABLE `user`
 ADD UNIQUE KEY `user_id` (`user_id`);

--
-- AUTO_INCREMENT for dumped tables
--

--
-- AUTO_INCREMENT for table `drink`
--
ALTER TABLE `drink`
MODIFY `drink_id` bigint(20) unsigned NOT NULL AUTO_INCREMENT,AUTO_INCREMENT=15;
--
-- AUTO_INCREMENT for table `session`
--
ALTER TABLE `session`
MODIFY `session_id` bigint(20) unsigned NOT NULL AUTO_INCREMENT,AUTO_INCREMENT=112;
--
-- AUTO_INCREMENT for table `sessiondrink`
--
ALTER TABLE `sessiondrink`
MODIFY `sessdr_id` bigint(20) unsigned NOT NULL AUTO_INCREMENT,AUTO_INCREMENT=699;
--
-- AUTO_INCREMENT for table `user`
--
ALTER TABLE `user`
MODIFY `user_id` bigint(20) unsigned NOT NULL AUTO_INCREMENT,AUTO_INCREMENT=8;
--
-- Constraints for dumped tables
--

--
-- Constraints for table `session`
--
ALTER TABLE `session`
ADD CONSTRAINT `session_ibfk_1` FOREIGN KEY (`session_user_id`) REFERENCES `user` (`user_id`) ON DELETE CASCADE ON UPDATE CASCADE;

--
-- Constraints for table `sessiondrink`
--
ALTER TABLE `sessiondrink`
ADD CONSTRAINT `sessiondrink_ibfk_1` FOREIGN KEY (`sessdr_session_id`) REFERENCES `session` (`session_id`) ON DELETE CASCADE ON UPDATE CASCADE,
ADD CONSTRAINT `sessiondrink_ibfk_2` FOREIGN KEY (`sessdr_drink_id`) REFERENCES `drink` (`drink_id`) ON DELETE CASCADE ON UPDATE CASCADE;

/*!40101 SET CHARACTER_SET_CLIENT=@OLD_CHARACTER_SET_CLIENT */;
/*!40101 SET CHARACTER_SET_RESULTS=@OLD_CHARACTER_SET_RESULTS */;
/*!40101 SET COLLATION_CONNECTION=@OLD_COLLATION_CONNECTION */;
